StockCode,Description
95980,Table Lamp
75531,Stationery Kit
25912,Wall Clock
75531,Stationery Kit
78039,White Ceramic Mug
52911,Red Cushion
20533,Yoga Mat
37059,Wool Scarf
42067,Toy Car
33381,Bluetooth Speaker
53480,Hand Cream
99967,Socks Pack
15524,Reusable Bottle
15724,Decorative Plant
20533,Yoga Mat
33381,
20533,Yoga Mat
67500,Notebook Set
37749,Wooden Picture Frame
80470,Bamboo Toothbrush
53480,Hand Cream
56607,Baking Set
15524,Reusable Bottle
75531,Stationery Kit
97086,Christmas Lights
62397,LED Lamp
69000,Tea Set
40104,Scented Candle
62397,LED Lamp
80470,Bamboo Toothbrush
95980,Table Lamp
15724,Decorative Plant
33381,Bluetooth Speaker
42067,Toy Car
42067,Toy Car
86096,Gift Box
53480,Hand Cream
25912,Wall Clock
15724,Decorative Plant
42067,Toy Car
37749,
97086,Christmas Lights
37749,Wooden Picture Frame
49725,Phone Stand
97544,Glass Vase
97544,Glass Vase
78039,White Ceramic Mug
33381,Bluetooth Speaker
42067,Toy Car
53480,Hand Cream
37749,Wooden Picture Frame
75531,Stationery Kit
86096,Gift Box
15524,Reusable Bottle
52911,Red Cushion
42067,Toy Car
75531,Stationery Kit
75531,Stationery Kit
80470,Bamboo Toothbrush
15724,Decorative Plant
85609,USB Charger
75531,Stationery Kit
86096,Gift Box
33381,Bluetooth Speaker
42067,Toy Car
85609,USB Charger
33381,Bluetooth Speaker
37059,Wool Scarf
20533,Yoga Mat
67500,Notebook Set
13687,Photo Album
13687,Photo Album
69000,Tea Set
25912,Wall Clock
33381,Bluetooth Speaker
97086,Christmas Lights
67500,Notebook Set
15524,Reusable Bottle
25912,Wall Clock
15524,Reusable Bottle
85609,USB Charger
37749,Wooden Picture Frame
42067,Toy Car
97086,Christmas Lights
25912,Wall Clock
49725,Phone Stand
56607,Baking Set
85609,USB Charger
99967,Socks Pack
67500,Notebook Set
52911,Red Cushion
80470,Bamboo Toothbrush
86096,Gift Box
75531,Stationery Kit
75531,Stationery Kit
62397,LED Lamp
20533,Yoga Mat
56607,Baking Set
52911,Red Cushion
13687,Photo Album
85609,USB Charger
86096,Gift Box
26837,Makeup Bag
15524,Reusable Bottle
48850,Lip Balm
53480,Hand Cream
42067,Toy Car
20533,Yoga Mat
42044,Travel Bag
95980,Table Lamp
52911,Red Cushion
40104,Scented Candle
69000,Tea Set
49725,Phone Stand
15724,Decorative Plant
78039,White Ceramic Mug
95980,Table Lamp
53480,Hand Cream
62397,LED Lamp
15724,Decorative Plant
86096,Gift Box
67500,Notebook Set
72389,Leather Wallet
40104,Scented Candle
62397,LED Lamp
26837,Makeup Bag
13687,Photo Album
75531,Stationery Kit
86096,Gift Box
15724,Decorative Plant
78039,White Ceramic Mug
49725,Phone Stand
42067,Toy Car
69000,Tea Set
80470,Bamboo Toothbrush
15524,Reusable Bottle
80470,Bamboo Toothbrush
86096,Gift Box
40104,Scented Candle
20533,Yoga Mat
99967,Socks Pack
26837,Makeup Bag
25912,Wall Clock
42067,Toy Car
97544,Glass Vase
25912,Wall Clock
15524,Reusable Bottle
42044,Travel Bag
72389,Leather Wallet
37749,Wooden Picture Frame
25912,Wall Clock
49725,Phone Stand
72389,
26837,Makeup Bag
37749,Wooden Picture Frame
75531,Stationery Kit
72389,Leather Wallet
52911,Red Cushion
95980,Table Lamp
37059,Wool Scarf
80470,Bamboo Toothbrush
99967,Socks Pack
37059,Wool Scarf
49725,Phone Stand
37059,Wool Scarf
52911,Red Cushion
15724,Decorative Plant
52911,Red Cushion
80470,Bamboo Toothbrush
67500,Notebook Set
13687,Photo Album
40104,Scented Candle
37749,
49725,Phone Stand
67500,Notebook Set
37059,Wool Scarf
62397,LED Lamp
37749,Wooden Picture Frame
37749,
40104,Scented Candle
49725,Phone Stand
69000,Tea Set
67500,Notebook Set
86096,Gift Box
97544,Glass Vase
97544,Glass Vase
15724,Decorative Plant
69000,Tea Set
78039,White Ceramic Mug
75531,Stationery Kit
80470,Bamboo Toothbrush
40104,Scented Candle
86096,Gift Box
33381,Bluetooth Speaker
75531,Stationery Kit
75531,Stationery Kit
13687,Photo Album
85609,USB Charger
75531,Stationery Kit
52911,Red Cushion
62397,LED Lamp
33381,Bluetooth Speaker
95980,Table Lamp
95980,Table Lamp
86096,Gift Box
